name,category,latitude,longitude
Lululemon,clothes,40.7572492,-73.9784073
H&M,clothes,40.7535383,-73.9805923
Zara,clothes,40.7537116,-73.9809753
Buffalo Exchange,clothes,40.7287947,-73.9936354
Rumble,clothes,40.7283854,-73.9939823
Bedford Vintage,clothes,40.7168786,-73.9585643
Vineyard Vines,clothes,40.7688194,-73.982397
PacSun,clothes,40.7223219,-73.9996236
Uniqlo,clothes,40.7235022,-73.998176
Second Time Around,clothes,40.7236731,-73.9946151
Screaming Mimi's,clothes,40.7276373,-73.9935441
Barney's Co-op,clothes,40.7413644,-73.9989975
Peachfrog,clothes,40.7199877,-73.9568654
Cult Gaia,clothes,40.7229924,-74.0019501
Suitsupply,clothes,40.7221884,-74.0009428
J.Crew Men's Shop,clothes,40.7215489,-73.999866
Selini Neckwear Inc.,clothes,40.7537134,-73.9914496
Yankees,clothes,40.7498546,-73.9833154
Urban Outfitters,clothes,40.7542617,-73.9800487
Charles Tyrwhitt,clothes,40.7554348,-73.977162
Men's Wear,clothes,40.7555641,-73.9774674
Unknown,clothes,40.7552783,-73.977656
My.Suit,clothes,40.7551081,-73.9778087
Express,clothes,40.7585649,-73.9748533
Unknown,clothes,40.7589868,-73.975024
Canada Goose,clothes,40.7610889,-73.9750755
St. John,clothes,40.7602252,-73.9757516
Versace,clothes,40.7601652,-73.976054
Victoria's Secret,clothes,40.75944,-73.9768001
Jumelle,clothes,40.7188243,-73.9568355
Urban Outfitters,clothes,40.725998,-73.99596
Chanel,clothes,40.7626496,-73.9728051
Zara,clothes,40.7743876,-73.9825127
The Wild,clothes,40.7227019,-73.9486177
Arc'teryx,clothes,40.7742001,-73.9813683
The Children's Place,clothes,40.8734602,-73.9079897
Brooks Brothers,clothes,40.7391221,-73.9899925
Indochino,clothes,40.7059955,-74.0111464
Hermès,clothes,40.7064078,-74.010896
Le Grand Strip,clothes,40.7142539,-73.9603806
Gymboree,clothes,40.7792448,-73.9601917
Alter,clothes,40.7296848,-73.9574215
Town Shop,clothes,40.7854034,-73.9784599
Carolina Herrera,clothes,40.7737739,-73.9638244
Nanette Lepore,clothes,40.7738905,-73.9637273
Morgan La Fay,clothes,40.7745795,-73.9631791
Sandro,clothes,40.7746843,-73.9631005
Dave's New York,clothes,40.7390507,-73.9958355
Behaviour,clothes,40.744269,-74.0027071
Monica + Andy,clothes,40.7824726,-73.9753497
bocnyc,clothes,40.7825341,-73.975305
Greenstones,clothes,40.7838716,-73.9743104
Express,clothes,40.7387516,-73.9918721
H&M,clothes,40.7385911,-73.9914858
Old Navy,clothes,40.7395921,-73.9949579
Other People’s Clothes,clothes,40.7095985,-73.9574361
Uniqlo,clothes,40.7603559,-73.9762428
Gap,clothes,40.7748263,-73.9819035
October's Very Own,clothes,40.7258577,-73.9922421
Jane Apparel,clothes,40.7258729,-73.9941906
Billy Reid,clothes,40.725972,-73.9925088
Jay Kos,clothes,40.7244125,-73.99442
Ripndip,clothes,40.7257759,-73.996277
Polo Ralph Lauren,clothes,40.7251889,-73.9994493
Max Mara,clothes,40.7253919,-73.9999366
The North Face,clothes,40.724697,-73.9972059
H&M,clothes,40.7249782,-73.9973414
The Vintage Twin,clothes,40.7251641,-73.9971769
No Relation Vintage,clothes,40.7302123,-73.9831761
Louis Vuitton,clothes,40.7247789,-73.9993641
Louis Vuitton,clothes,40.7248897,-73.9993246
RRL,clothes,40.7237412,-74.0024413
Kate Spade New York,clothes,40.7223179,-74.0006761
Paracelso,clothes,40.723577,-74.003227
Badichi,clothes,40.7233433,-74.0027661
The North Face,clothes,40.7221932,-73.9992705
AYR,clothes,40.721127,-73.9979316
Carhartt Work in Progress,clothes,40.7243448,-73.9961068
Mystique Boutique,clothes,40.7220142,-73.9998519
Levi's,clothes,40.7221114,-73.9997761
Cotton On,clothes,40.7224579,-73.9990986
Brandy Melville,clothes,40.7227639,-73.9992129
Lacoste,clothes,40.7234505,-73.9986332
Herschel Supply Company,clothes,40.7235217,-73.9985729
Mango,clothes,40.7240708,-73.9981158
J.Crew,clothes,40.7226777,-73.9977694
MUJI at MoMA,clothes,40.7227912,-73.9980837
Alo Yoga,clothes,40.7232235,-73.9995521
Clever Alice,clothes,40.7224474,-73.9937355
Velvet by Graham & Spencer,clothes,40.7225773,-73.9940637
Groupe,clothes,40.7213373,-73.993879
Eighteen East,clothes,40.7200508,-73.995052
Daily Paper,clothes,40.720248,-73.9929898
Atelier New York,clothes,40.7326824,-73.9976219
Paige Denim,clothes,40.7768526,-73.978968
Rag & Bone,clothes,40.7750847,-73.9807486
Theory,clothes,40.7754914,-73.979928
Atelier New York,clothes,40.7329927,-73.9978521
Fish Market,clothes,40.7196908,-74.0020133
Askan,clothes,40.7207828,-73.9892483
Orchard Corset New York Store,clothes,40.7209775,-73.9891491
"Luggage, Travel And Winter Accessories",clothes,40.7193384,-73.9898434
Rothmans,clothes,40.7373212,-73.9886654
Rookie USA,clothes,40.7361031,-73.9912209
DG Scarf Inc.,clothes,40.7178109,-74.0003105
New York Miista Store,clothes,40.7174955,-73.9906669
The Vintage Twin,clothes,40.7173374,-73.9907764
Luke's,clothes,40.7181184,-73.9904938
Komune,clothes,40.7183567,-73.9900015
Rare Bodega,clothes,40.7156846,-73.9907209
Café Forgot,clothes,40.7157235,-73.9907007
Glam Expressway,clothes,40.7025425,-73.9871611
The Cr8tive Kitchen,clothes,40.7062678,-73.9192648
Tombolo,clothes,40.7341937,-74.004518
Arc'teryx,clothes,40.7347719,-74.0046796
Lee Jean Corp,clothes,40.7520943,-73.9902169
Mardana,clothes,40.7407108,-74.0015495
Judith Ripka,clothes,40.7681023,-73.967913
J. Mendel,clothes,40.7683256,-73.9677127
Anthropologie,clothes,40.7418051,-74.0049865
Loft,clothes,40.7555911,-73.9868627
Brooks Brothers,clothes,40.7602642,-73.9798528
Ralph Lauren,clothes,40.75467,-73.988778
American Eagle Outfitters,clothes,40.7588653,-73.9854906
H&M,clothes,40.7791885,-73.9553419
Anthropologie,clothes,40.7692754,-73.9612325
Rainbow,clothes,40.7556106,-73.9912034
Gap,clothes,40.7572995,-73.9855061
Express,clothes,40.7586261,-73.9848141
Vibe,clothes,40.7438307,-73.9993114
Fur Fashion,clothes,40.7479962,-73.9935227
Panos Furs,clothes,40.7487868,-73.9948556
pietro,clothes,40.7471682,-73.9910255
First Avenue Clothing,clothes,40.7349928,-73.9801478
Ibiza Kids,clothes,40.7348234,-73.9802678
Shoe Tree,clothes,40.8051665,-73.9656391
Timberland,clothes,40.7490602,-73.9864378
Terani Couture,clothes,40.7537726,-73.9915781
Nanette lapore,clothes,40.7527811,-73.9895448
Aeropostale,clothes,40.749007,-73.9894016
Afaze,clothes,40.7487516,-73.9888481
City Streets,clothes,40.7489117,-73.9891777
Express,clothes,40.7492014,-73.9889236
Lids,clothes,40.7493481,-73.9892431
P.S. by Aero,clothes,40.749127,-73.989701
Strawberry,clothes,40.7494454,-73.9894897
Strawberry,clothes,40.7494835,-73.9896784
Top Gun Leather,clothes,40.7493882,-73.9893538
Victoria's Secret,clothes,40.749392,-73.9898746
Saturdays Football,clothes,40.7590246,-73.9799527
H&M,clothes,40.7570244,-73.9779903
Gallerie Saint Gui,clothes,40.7595169,-73.9798221
Aerie,clothes,40.7615638,-73.9688483
Leggiadro,clothes,40.7648208,-73.9661157
Lingerie on Lex,clothes,40.7649078,-73.9660494
Nike,clothes,40.7662786,-73.9628618
Janie & Jack,clothes,40.7667619,-73.9630131
Lee Anderson,clothes,40.7701244,-73.962598
Ralph Lauren,clothes,40.7714825,-73.9654692
Lester’s,clothes,40.7738138,-73.9544811
Mirabelle Outlet,clothes,40.7837875,-73.9526175
Searle,clothes,40.779448,-73.9600247
Snow Xue Gao,clothes,40.7216111,-73.9937769
J.Jill,clothes,40.77456,-73.981102
Variazioni,clothes,40.7748742,-73.9804167
Eileen Fisher,clothes,40.780113,-73.9765856
A Tempo,clothes,40.7789002,-73.9779249
Variazioni,clothes,40.7875966,-73.9753393
Shishi Boutique,clothes,40.7922313,-73.9732036
The Children's Place,clothes,40.8043147,-73.9368122
Harlem Underground,clothes,40.8068092,-73.9538552
Old Navy,clothes,40.8103269,-73.952104
Forever 21,clothes,40.7581989,-73.9850824
Brooklyn Industries,clothes,40.709751,-73.9621893
Unknown,clothes,40.7084142,-73.9574901
Kidi Chic Clothes,clothes,40.7019475,-73.9584801
Perfect Fit,clothes,40.7010042,-73.9574264
T.D.H. Clothing,clothes,40.7014802,-73.9428645
Awoke Vintage,clothes,40.7167748,-73.9591923
Patagonia,clothes,40.7191519,-73.961583
Anamnisis Wedding Corp.,clothes,40.764638,-73.9115859
Chanel,clothes,40.7627913,-73.9743666
Prada,clothes,40.7626298,-73.974484
Louis Vuitton,clothes,40.7630564,-73.9735775
Mikimoto,clothes,40.7628514,-73.9743189
Gucci,clothes,40.762322,-73.97415
Unknown,clothes,40.7096577,-74.0081992
Christian Benner,clothes,40.7066077,-74.0040941
DFBK,clothes,40.7066799,-74.0039868
Guess,clothes,40.7072258,-74.0037268
L'Agence,clothes,40.775656,-73.9623766
American Eagle Outfitters,clothes,40.7614855,-73.9689095
Motochanic,clothes,40.7819796,-74.0125326
Hugo Boss,clothes,40.741307,-74.0057665
bridal shop party supplies,clothes,40.7119264,-73.9421316
Lululemon,clothes,40.7760753,-73.9800106
Club Monaco,clothes,40.7757714,-73.9797459
H&M,clothes,40.7684646,-73.9828402
J.Crew,clothes,40.7681308,-73.9827575
Johnny Was,clothes,40.7779261,-73.9786385
Champs,clothes,40.755881,-73.9874036
Anthropologie,clothes,40.7593325,-73.978595
J.Crew,clothes,40.7590891,-73.9789454
Equinox,clothes,40.7594157,-73.9779817
Hollister,clothes,40.7502476,-73.9893078
Urban Outfitters,clothes,40.7509578,-73.9880113
Victoria's Secret,clothes,40.8064516,-73.988838
Sayki,clothes,40.7551854,-73.977325
Thrift NYC,clothes,40.7326578,-73.9860897
Dor L' Dor,clothes,40.749182,-73.9724275
Express,clothes,40.761103,-73.917073
Banana Republic Factory,clothes,40.761262,-73.917395
H&M,clothes,40.808619,-73.9468979
H&M,clothes,40.7497527,-73.9881986
Zara,clothes,40.7495202,-73.9866813
Levi's,clothes,40.7496249,-73.9869344
Lacoste,clothes,40.743931,-73.983874
John Elliott,clothes,40.7238405,-73.9965689
Fopp’s Design,clothes,40.7689756,-73.9634301
SHEN NEW YORK,clothes,40.7701569,-73.9625726
Old Navy,clothes,40.7533099,-73.9145087
Odin,clothes,40.7382089,-74.0019102
Saturdays,clothes,40.7358326,-74.0018859
Under Armour,clothes,40.7247907,-73.9975378
Forever 21,clothes,40.7244761,-73.9973923
Prada,clothes,40.7244716,-73.99785
Christian Dior,clothes,40.7625601,-73.9725989
Men's Wearhouse,clothes,40.7606178,-73.9819075
Henri Bendel,clothes,40.762113,-73.9749459
Abercrombie & Fitch,clothes,40.7601563,-73.9763019
Urban Outfitters,clothes,40.7298756,-73.9864543
Hell's Kitchen Flea Market,clothes,40.7567609,-73.9945607
Narnia,clothes,40.7144076,-73.9594096
alo,clothes,40.7574738,-73.9782348
Manolo Blahnik,clothes,40.761975,-73.9771432
The Dr. Martens Store,clothes,40.7374571,-73.9900472
Mary Meyer Clothing,clothes,40.7056076,-73.9331871
RISK Vintage,clothes,40.7040366,-73.9337131
Buffalo Exchange,clothes,40.7183158,-73.9552362
Bonpoint,clothes,40.7838509,-73.9564345
Bonpoint,clothes,40.7243138,-74.0024067
Gap,clothes,40.7096385,-74.0098983
Nasty Pig,clothes,40.7426669,-73.9995561
Leather Man,clothes,40.7333467,-74.0052278
Victoria's Secret,clothes,40.7250409,-73.9973221
Canada Goose,clothes,40.720765,-74.0027411
Superdry,clothes,40.7600564,-73.9834861
Noir et Blanc,clothes,40.743344,-73.989489
The North Face,clothes,40.758016,-73.9769452
Canada Goose,clothes,40.7247023,-74.0009858
Mango,clothes,40.7617229,-73.9745921
Gap,clothes,40.7505246,-73.9743574
Puma,clothes,40.7577041,-73.9775447
STADIUM GOODS,clothes,40.7201586,-74.0019016
Nike Community Store,clothes,40.7206891,-74.0020439
Crossroad Trading Co.,clothes,40.7183615,-73.9583299
beacon's closet,clothes,40.7236707,-73.9525839
Saint Laurent,clothes,40.7235312,-74.0004583
Burton,clothes,40.7233032,-74.0009234
Isabel Marant,clothes,40.7225053,-74.0016144
Solstice,clothes,40.7235622,-73.9996539
Patagonia,clothes,40.7231069,-74.0007663
Versus Versace,clothes,40.723473,-74.0007858
Valentino,clothes,40.7241052,-74.0007373
Chanel,clothes,40.7241862,-74.0008978
The North Face,clothes,40.7540996,-73.9808569
Free People,clothes,40.7234319,-73.9993293
Vera De Nero,clothes,40.7514391,-73.9890354
BAPE store,clothes,40.7241702,-74.0001771
Superdry,clothes,40.7492986,-73.9861558
Artists & Fleas,clothes,40.7430657,-74.0068932
Free People,clothes,40.7370562,-73.9925752
COS,clothes,40.7186127,-73.9607342
& Other Stories,clothes,40.7245591,-73.9977445
Urban Outfitters,clothes,40.7101192,-74.0095283
DP,clothes,40.7103635,-74.0077635
R. Swiader,clothes,40.7202354,-73.9997684
Unknown,clothes,40.7141686,-73.9944225
Unknown,clothes,40.7139437,-73.9944994
Unknown,clothes,40.7140191,-73.9943536
Unknown,clothes,40.714095,-73.9945133
Marimekko,clothes,40.7419122,-73.9895625
& Other Stories,clothes,40.7536272,-73.9803942
Nati,clothes,40.7232112,-73.9955533
Windsor,clothes,40.7221841,-73.9997237
Yankees,clothes,40.7607362,-73.9832448
Arc'teryx,clothes,40.7247731,-74.0021428
Dusty Rose Vintage,clothes,40.7307692,-73.9496928
Dolce & Gabbana,clothes,40.7620617,-73.9743838
Reebok,clothes,40.750751,-73.9832148
Aime Leon Dore,clothes,40.7223077,-73.9959751
Pinkyotto,clothes,40.716705,-73.9591264
Unique Hype,clothes,40.7157736,-73.9973303
New York Costumes,clothes,40.7324844,-73.9911106
Nu New York,clothes,40.7336674,-73.9911925
Zumiez,clothes,40.7337929,-73.9908003
Unknown,clothes,40.7620414,-73.9832079
Spring Flowers,clothes,40.7721774,-73.964965
Dolce & Gabbana,clothes,40.7696792,-73.9671782
Beacon's Closet,clothes,40.7355729,-73.9950008
Seven Wonders Collective,clothes,40.7310053,-73.9576201
GANT,clothes,40.7182752,-73.959557
Scotch & Soda,clothes,40.7373803,-73.9899304
Scotch & Soda,clothes,40.733039,-74.0039458
No. 6 Store,clothes,40.7200854,-73.9975842
AllSaints,clothes,40.7407581,-74.0067259
Anthony Urso,clothes,40.7551842,-73.9921496
DKNY,clothes,40.7250817,-74.0016921
Harlem Haberdashery,clothes,40.8061428,-73.9470016
Kleinfeld Bridal Sample Studio,clothes,40.7416954,-73.9951324
"Cookies, Inc",clothes,40.7477269,-73.9844071
Friends NYC,clothes,40.7056905,-73.9332518
Nanette Lepore,clothes,40.7522043,-73.9910955
The North Face,clothes,40.7184523,-73.9605541
Green Fingers Market,clothes,40.7213478,-73.9928912
Oak & Wood,clothes,40.72035,-74.0023196
Billionaire Boys Club,clothes,40.7203985,-74.0022857
Alexander Wang,clothes,40.7212298,-74.0016097
Gap,clothes,40.7381211,-73.992316
Vivaldi,clothes,40.774115,-73.9576435
Banana Republic,clothes,40.8069865,-73.9891883
Baby Gap,clothes,40.8068339,-73.988804
Gap Kids,clothes,40.8068631,-73.9888774
Ambience Boutique,clothes,40.8068611,-73.9898746
Carter's,clothes,40.8071447,-73.9895866
Guess,clothes,40.8065037,-73.9879724
Gap,clothes,40.8068964,-73.9889614
Anthropologie,clothes,40.8064407,-73.9878139
Mercat,clothes,40.8067874,-73.9886868
Express,clothes,40.8065844,-73.9881756
Loft,clothes,40.8066484,-73.9883369
Fado,clothes,40.7477112,-73.9563172
Chico's,clothes,40.8061811,-73.9881534
Juicy Couture,clothes,40.7483328,-73.9849564
Kith,clothes,40.7260461,-73.9943647
T-Shirt & More,clothes,40.7455729,-73.9023121
American Eagle Outfitters,clothes,40.8078374,-73.9460878
Fila,clothes,40.7539366,-73.9789673
Saint Seneca,clothes,40.7005578,-73.9066735
LS Mens Clothing,clothes,40.7564652,-73.981334
CPW,clothes,40.7861976,-73.9758477
Askan,clothes,40.7207194,-73.9890321
Esquire,clothes,40.7625374,-73.915903
Sam's Thrift Store,clothes,40.7081085,-73.9051795
New Era Flagship Store,clothes,40.7283343,-73.9935021
Wonder Walter,clothes,40.7183785,-73.9591962
Stella Dallas,clothes,40.7143654,-73.9534115
Guess,clothes,40.7233656,-73.9987051
L’Appartment Sézane,clothes,40.7237318,-73.9936314
Le Point Value Thrift,clothes,40.7001104,-73.9130141
Pants Pantry,clothes,40.7003576,-73.9027975
XIOS,clothes,40.7003444,-73.9011233
The Children's Place,clothes,40.7006347,-73.9022052
Carter's,clothes,40.7006397,-73.9024998
Torrid,clothes,40.7003628,-73.9051443
Mandee,clothes,40.7000693,-73.9052621
Rainbow,clothes,40.7000131,-73.9055438
Crossroads,clothes,40.7363417,-73.9962903
Rent the Runway NYC Flagship,clothes,40.7372313,-73.9947831
L Train Vintage,clothes,40.7114719,-73.9469482
Nordstrom Rack,clothes,40.7478596,-73.9894889
Madewell,clothes,40.7398527,-73.9910591
Necessary Clothing,clothes,40.7200944,-74.0011189
Timberland,clothes,40.7210425,-74.0003105
Self Edge,clothes,40.7209296,-73.988926
Orchard Corset Center,clothes,40.720887,-73.9889462
Surya Clothing,clothes,40.7048003,-73.9196815
Blue In Green,clothes,40.7206728,-74.0028178
Suit Supply,clothes,40.7223299,-73.9571936
Kaufman's Army & Navy,clothes,40.7577938,-73.9906694
Madison New York,clothes,40.7010368,-73.9075066
Lola Hats,clothes,40.7080436,-73.9222408
28 Scott Vintage,clothes,40.7053145,-73.928531
Mercedes Fashions,clothes,40.7085009,-73.9211311
On the Road Again Corporation,clothes,40.7232009,-73.9008861
Happy Socks,clothes,40.7259135,-74.0009624
La Perla,clothes,40.7256432,-74.0012067
Séraphine,clothes,40.7264515,-74.0005568
Stay Forever,clothes,40.7032131,-73.9030552
Taller Peralta,clothes,40.8666558,-73.9304031
Nudie Jeans Repair Shop,clothes,40.7209283,-73.9940258
Acne Studios,clothes,40.7217693,-74.002251
Acne Studios,clothes,40.7730332,-73.9647382
Acne Studios,clothes,40.7385891,-74.0033818
Aritzia,clothes,40.7375148,-73.9922567
Aritzia,clothes,40.7578652,-73.9779685
Aritzia,clothes,40.7228499,-73.9987477
Opening Ceremony,clothes,40.7195655,-74.0009327
Schott NYC,clothes,40.7231771,-73.9938262
Marine Layer,clothes,40.7329621,-74.0041187
Unis,clothes,40.7228768,-73.9939701
Still Here,clothes,40.7241311,-73.9934455
Vince,clothes,40.7226776,-73.9942725
Freemans Sporting Club,clothes,40.7214945,-73.9927185
Athleta,clothes,40.7248948,-73.9970441
Le Point Value Thrift,clothes,40.7047186,-73.929147
Urban Jungle Vintage and Thrift,clothes,40.7051331,-73.9291373
Collections,clothes,40.7032467,-73.930525
Stone Island,clothes,40.7220371,-74.002092
Abercrombie & Fitch,clothes,40.7236599,-73.9985283
ID Menswear,clothes,40.7163982,-73.9594228
ID Menswear,clothes,40.7175412,-73.9599935
Supreme Brooklyn,clothes,40.7147169,-73.9620379
Buffalo Exchange,clothes,40.7450562,-73.9923336
Buffalo Exchange,clothes,40.7296096,-73.9848208
Madewell,clothes,40.7388991,-73.9912584
Madewell,clothes,40.7799845,-73.959661
Madewell,clothes,40.7179219,-73.9591094
Lululemon,clothes,40.7178841,-73.9590403
Wolf & Badger,clothes,40.7213967,-74.0019934
Lululemon,clothes,40.7800952,-73.9595713
Lululemon,clothes,40.7655804,-73.9633446
Lululemon,clothes,40.7378732,-73.9925156
Lululemon,clothes,40.7409651,-74.0058878
BCBGMAXAZRIA,clothes,40.7522238,-73.9815331
Marc Jacobs,clothes,40.7255046,-74.0001212
Danny Fashion Casa,clothes,40.7944593,-73.93554
Hat Club,clothes,40.7270395,-73.9956176
Cuyana,clothes,40.7230437,-73.9946606
Nepenthes New York,clothes,40.7550216,-73.9920584
The Hat Shop,clothes,40.7259694,-74.00157
Gap,clothes,40.7781822,-73.9540867
Athleta,clothes,40.7784627,-73.9539386
Carolina Herrera,clothes,40.7739005,-73.9640918
Jil Sander,clothes,40.7696159,-73.9672168
Barbour,clothes,40.7767518,-73.9615463
Jacadi,clothes,40.7395517,-73.9898159
Dior,clothes,40.7246402,-73.9998469
H&M,clothes,40.7560508,-73.9860803
élevée,clothes,40.7511462,-73.9834721
260 Sample Sale,clothes,40.745132,-73.9872129
Thurman Isaiah and widow Napoli,clothes,40.7262076,-73.9995712
Athleta,clothes,40.7384411,-73.992124
Banana Republic,clothes,40.7491858,-73.9858672
Zumiez,clothes,40.7491229,-73.9857177
Brooks Brothers,clothes,40.7811602,-73.9587881
Tokio 7,clothes,40.7272729,-73.9861016
Gentlemen's Resale,clothes,40.7741968,-73.9532449
A.P.C.,clothes,40.7243375,-73.999063
A.P.C.,clothes,40.7356633,-74.0032819
A.P.C.,clothes,40.7258619,-73.9928614
A.P.C. Surplus,clothes,40.7351694,-74.0051617
Reformation,clothes,40.7193835,-74.0004872
Moussy,clothes,40.7228056,-74.0016733
COS,clothes,40.7536883,-73.9804985
COS,clothes,40.7239761,-74.0004723
Arita,clothes,40.7200269,-74.0000609
M. Crow,clothes,40.7194858,-74.0002283
Sandt Liang,clothes,40.7155779,-73.9914229
Zara,clothes,40.7600172,-73.9764128
Mets Clubhouse Shop,clothes,40.754007,-73.9816908
Cult Party,clothes,40.7090852,-73.9372012
Odlo,clothes,40.7519418,-73.9885548
Pilgrim New York,clothes,40.7174947,-73.9904373
What goes around comes around,clothes,40.7227871,-74.0031287
Nomad Vintage,clothes,40.7280019,-73.9902375
Awoke Vintage,clothes,40.7237156,-73.951564
10 Ft Single by Stella Dallas,clothes,40.7145262,-73.9541436
Edith Machinist,clothes,40.7201543,-73.9879826
Fox & Fawn,clothes,40.7225208,-73.9498576
Goldwater Thriftique,clothes,40.7270922,-73.9862626
Procell,clothes,40.7203946,-73.9934628
The Break,clothes,40.7248311,-73.9542862
Naked & Famous Denim,clothes,40.7204947,-74.0002971
Plus BKLYN,clothes,40.7190829,-73.9453831
501 Vintage,clothes,40.7057495,-73.937396
Elizabeth gillett,clothes,40.7530051,-73.9919912
chocheng,clothes,40.7614192,-73.9692596
yarnz,clothes,40.7224536,-73.9958215
ippolita,clothes,40.752122,-73.9949853
Henry and Pauline knitwear and j Rosen,clothes,40.7549143,-73.9896602
Wilson,clothes,40.7250408,-73.9969217
Karen Miller,clothes,40.7533852,-73.9916709
myriad schaefer,clothes,40.727083,-73.9952014
Paz collective,clothes,40.7525304,-73.9842797
lionette,clothes,40.7539777,-73.9904627
mhm style,clothes,40.747898,-73.9827315
emm kuo,clothes,40.747245,-73.9916773
willow and clay,clothes,40.7548862,-73.9897344
Julie jentzsch,clothes,40.755123,-73.9939481
Gail labelle,clothes,40.7495159,-73.9835531
stoll America,clothes,40.7547216,-73.9903348
limited editions,clothes,40.767329,-73.9880479
chelsey scarves,clothes,40.7502312,-73.9842709
butter something blue golo,clothes,40.7646757,-73.9786652
myrium schaefer,clothes,40.7271792,-73.9949847
IRO and friends,clothes,40.7545012,-73.9921788
Barami,clothes,40.7533131,-73.9928798
ETRO,clothes,40.7239389,-74.0004024
Shalom,clothes,40.8437543,-74.0011108
JAZZ,clothes,40.8450185,-74.0002233
Gio,clothes,40.8473541,-73.9985183
Somebody,clothes,40.8474453,-73.9984757
SysMax,clothes,40.8501566,-73.9964777
Rag & Bone,clothes,40.7409302,-74.0070646
Richardson,clothes,40.7190344,-73.9936677
Cloak & Dagger,clothes,40.7285493,-73.9859793
D. L. Cerney,clothes,40.7286814,-73.9862937
An.mé,clothes,40.7286154,-73.9861366
Duo NYC,clothes,40.7286657,-73.9862565
Cobblestones,clothes,40.728781,-73.9865308
Variazioni,clothes,40.7641834,-73.9665771
Zero Maria Cornejo,clothes,40.72579,-73.9938493
Hatch,clothes,40.7255814,-73.9931213
TOM FORD,clothes,40.7650381,-73.9705283
Dear 55,clothes,40.719996,-73.9886255
Love Yours,clothes,40.7197748,-73.9886289
Fashion Sport,clothes,40.7194943,-73.9887724
Adriennes,clothes,40.7197814,-73.9892494
Lisa Shaub Fine Millinery,clothes,40.7197739,-73.9892113
Unknown,clothes,40.7199688,-73.989175
The Phluid Project,clothes,40.7278665,-73.9944936
Gap Factory,clothes,40.8489184,-73.9376579
260 Sample Sale,clothes,40.7813956,-73.9815097
Ethik Worldwide New York,clothes,40.7206416,-73.989268
Teds Formal Wear,clothes,40.7208986,-73.9891402
Seraphine,clothes,40.7853345,-73.9553583
Edit New York,clothes,40.7848689,-73.956076
J. McGlaughlin,clothes,40.7850911,-73.9555267
Mirabelle,clothes,40.785172,-73.9558518
Lids,clothes,40.7595892,-73.9846122
Stance,clothes,40.7223334,-73.9991896
Nike,clothes,40.7597202,-73.97673
Heritage India Fashions,clothes,40.7430133,-73.9819984
Vintage India NYC,clothes,40.7430708,-73.9823319
10ft Single,clothes,40.7144367,-73.9535131
Fendi,clothes,40.7625009,-73.9724139
Miu Miu,clothes,40.7627721,-73.9730138
St. Laurent Paris,clothes,40.7628855,-73.9733163
Burberry,clothes,40.7628064,-73.9731086
French Corner,clothes,40.7463868,-73.9801611
Madonna & Co.,clothes,40.7619217,-73.9657655
Cali Caliente,clothes,40.7600107,-73.9179508
Under Armour,clothes,40.711405,-74.0116897
Linda's,clothes,40.7474413,-73.9771137
Peter Manning NYC,clothes,40.7403307,-73.9897474
Baynes + Baker,clothes,40.7424261,-73.9835861
Forever 21,clothes,40.7506446,-73.9903127
Anthropologie,clothes,40.7373822,-73.9923352
Champion,clothes,40.7199359,-74.001192
The Children's Place,clothes,40.8094281,-73.9498531
MAC,clothes,40.808987,-73.9488349
Victoria's Secret,clothes,40.8079884,-73.9464511
Rodd & Gunn,clothes,40.7026684,-73.9897994
Scotch & Soda,clothes,40.7024209,-73.989815
Viola's,clothes,40.7711047,-73.9533466
TaRoo,clothes,40.7710417,-73.9533801
Boutique McKlain Collection Inc.,clothes,40.7013393,-73.9049478
Native Leather,clothes,40.7295812,-74.0016577
Chanel,clothes,40.7667793,-73.9688985
Beretta,clothes,40.7664629,-73.9695368
Giorgio Armani,clothes,40.7676274,-73.9682202
Oscar de la Renta,clothes,40.7681914,-73.9683035
Kate Spade New York,clothes,40.7683837,-73.967686
Men's Wearhouse,clothes,40.7406794,-73.9941662
DXL Men's Apparel,clothes,40.7426048,-73.9932841
Saturdays,clothes,40.720776,-73.9994144
Michael Kors,clothes,40.7581247,-73.9777361
Kule,clothes,40.7582574,-73.9777526
Frankie Shop,clothes,40.7213565,-73.9878879
Old Navy,clothes,40.7795855,-73.9553143
Yakkayama Hat Market,clothes,40.7182142,-73.9918196
Bonpoint,clothes,40.7689276,-73.9673219
Patagonia,clothes,40.782995,-73.9749621
DNA,clothes,40.7299043,-73.9539972
Lululemon,clothes,40.807259,-73.9647756
The Canvas,clothes,40.719328,-73.9562818
Spark Pretty,clothes,40.7286489,-73.9857018
Loft,clothes,40.7590615,-73.9807677
Lot-Less Closeouts,clothes,40.7092228,-74.0055399
Le Père,clothes,40.7181728,-73.9900816
A Turen,clothes,40.7211596,-73.9885646
Ibiza,clothes,40.7288127,-73.9860932
9th St. Vintage,clothes,40.728349,-73.9855026
Paul & Shark,clothes,40.7645897,-73.9704618
Loro Diana,clothes,40.7672108,-73.9689646
OMG Jeans,clothes,40.7443824,-73.9952263
Darryl's,clothes,40.7862779,-73.9762714
Plus Bklyn,clothes,40.7139376,-73.952637
Max Mara,clothes,40.7692531,-73.9670957
Mackage,clothes,40.7693923,-73.967378
Rains,clothes,40.7245298,-73.9959653
Dress Me Up New York,clothes,40.7535844,-73.9902728
Elie Saab,clothes,40.7706419,-73.9664711
Prada,clothes,40.7702962,-73.9663107
Ralph Lauren,clothes,40.7712673,-73.966008
Ba&sh,clothes,40.7750401,-73.9628361
Karma Urban Wear,clothes,40.8357807,-73.9217565
Ralph Lauren,clothes,40.7716067,-73.9657436
Throwback Vintage Sportswear,clothes,40.7275967,-73.9831688
Saher USA Inc.,clothes,40.7473207,-73.9881607
De Janeiro,clothes,40.7553934,-73.989783
MonnaLisa,clothes,40.7781779,-73.9609998
Pierre Yovanovic,clothes,40.7688253,-73.9673965
The Brownstone,clothes,40.8057966,-73.9411982
Konstantine Furs,clothes,40.7480434,-73.9936458
Muleh,clothes,40.7443765,-74.0026461
Uniqlo,clothes,40.7533568,-74.0008498
Harmony,clothes,40.7425496,-74.0007473
Spina Bride,clothes,40.7447281,-74.0060735
Canali,clothes,40.7632609,-73.971456
Yankees Clubhouse,clothes,40.7624563,-73.9692132
Top Bridal Shop,clothes,40.7140177,-73.9922148
Bode One-Of-A-Kind Shoppe,clothes,40.7157588,-73.9907242
Buccellati,clothes,40.7663523,-73.9695947
Little Diana,clothes,40.7537478,-73.9915425
City Hats,clothes,40.7245705,-73.9944367
John Varvatos,clothes,40.7251969,-73.9919504
V.I.M.,clothes,40.8491087,-73.9328536
Levi's,clothes,40.7183574,-74.0057307
About Glamour / AG Gallery,clothes,40.7127719,-73.9571745
Père Trash,clothes,40.7468849,-73.9922617
Azaleas,clothes,40.728875,-73.9872383
The Children's Place,clothes,40.7598945,-73.9180395
Willow Road,clothes,40.7731721,-73.9578638
Todd Snyder,clothes,40.7194744,-74.0058984
Talbots,clothes,40.7862341,-73.9785661
Reiss,clothes,40.7752816,-73.9801292
OPC Buy Sell Trade,clothes,40.7024589,-73.9013406
3sixteen,clothes,40.721604,-73.9944645
Smoochie Baby,clothes,40.7189123,-73.958884
Lids,clothes,40.7358033,-73.9914982
Zara,clothes,40.7380555,-73.9918937
Bonobos,clothes,40.7377399,-73.9921199
UNTUCKit,clothes,40.7381656,-73.9918174
Banana Republic,clothes,40.7382945,-73.9917014
Lockwood Style,clothes,40.7610107,-73.9236407
Kilimanjaro Fashions,clothes,40.8025525,-73.9505182
Banana Republic (Factory Store),clothes,40.810012,-73.9503144
alo,clothes,40.7406048,-73.9905381
Club Monaco,clothes,40.7402096,-73.9908097
Rigby & Peller,clothes,40.7370894,-73.9930835
Eddie Bauer,clothes,40.7369197,-73.9932304
7 For All Mankind,clothes,40.7367084,-73.99281
Bandier,clothes,40.7372759,-73.9930151
J.Crew,clothes,40.737658,-73.9921635
Intermix,clothes,40.7393133,-73.9909257
Tory Burch,clothes,40.7394027,-73.9908613
Rhone,clothes,40.739484,-73.9908184
Theory,clothes,40.7397624,-73.9906092
Abercrombie & Fitch,clothes,40.7398386,-73.9905556
Elieen Fisher,clothes,40.7406632,-73.9904892
Trash and Vaudville,clothes,40.7266424,-73.9852878
Old Navy,clothes,40.8113623,-73.9834194
Burberry,clothes,40.7240197,-74.0006002
Regines,clothes,40.7908493,-73.9454682
JJ Hat Center,clothes,40.7469699,-73.9859189
Zenga,clothes,40.7234848,-73.9964296
Private Label T-Shirts,clothes,40.7133845,-73.9120781
Farfale Vintage,clothes,40.7141582,-73.9469248
Intimissimi,clothes,40.7658106,-73.9637029
AG Jeans,clothes,40.7789301,-73.9774422
Aerie,clothes,40.7588805,-73.9855136
Vineyard Vines,clothes,40.7665845,-73.962666
Alberto Sanchez Couture,clothes,40.8248801,-73.9973894
Anna Belen,clothes,40.7652015,-73.9661993
Maje,clothes,40.7192518,-73.9611952
Sandro,clothes,40.7193111,-73.9613076
The Good Company NYC,clothes,40.7188202,-73.9908662
Esenshel,clothes,40.7267929,-73.9906112
Rogue,clothes,40.7219194,-73.9903378
Bowery Showroom,clothes,40.7218988,-73.9902703
Everything But Water,clothes,40.7377871,-73.9916593
Starlin,clothes,40.7280438,-73.9903394
Gerard Darel,clothes,40.724351,-74.0012449
3.1 Phillip Lim,clothes,40.7267891,-73.9923402
Pelé Soccer,clothes,40.7587927,-73.9846231
H&M,clothes,40.7527846,-74.0008181
Zara,clothes,40.7533047,-74.0008852
Lululemon,clothes,40.7788957,-73.953629
Easy Pickins,clothes,40.7604795,-73.9175812
Only Hearts,clothes,40.7224366,-73.995035
13 Crosby,clothes,40.7224258,-73.9936776
Aberizk,clothes,40.721321,-73.9944956
Judi Rosen New York,clothes,40.7219047,-73.9943459
Colorant,clothes,40.7213057,-73.994449
P.O. Joe's Cop Shop,clothes,40.7594004,-73.9333964
Balenciaga,clothes,40.763588,-73.971792
EdBesong,clothes,40.7028428,-73.9874858
LoMein Collection,clothes,40.7027441,-73.9874875
MoonStar House,clothes,40.7139638,-73.9969757
J.Crew,clothes,40.7765928,-73.9621284
Todd Snyder,clothes,40.7429861,-73.9868072
grace land,clothes,40.7039931,-73.9051249
Laina Jane,clothes,40.7338559,-74.0018132
Peruvian Connection,clothes,40.7800511,-73.9766251
Todd Snyder,clothes,40.758738,-73.9780252
House of Angels Uniform Store,clothes,40.8105595,-73.9516922
Ulla Johnson,clothes,40.7255688,-73.9930616
Noah,clothes,40.721345,-73.9966106
Issey Miyake,clothes,40.7198504,-74.0088356
Antoinette,clothes,40.7153352,-73.9630451
Metropolis Vintage Clothing,clothes,40.732772,-73.991386
Slowear,clothes,40.7259044,-73.9948859
O.N.S Clothing,clothes,40.7214908,-73.9965544
Drake's,clothes,40.7203668,-74.0029472
Malia Mills,clothes,40.7219719,-74.0031544
Kimono House,clothes,40.7266017,-74.0013499
Arrow Army & Navy,clothes,40.8623133,-73.9011768
AllSaints,clothes,40.756247,-73.9780932
Tiny Apple,clothes,40.8636087,-73.9868072
Mom's Care,clothes,40.8621848,-73.9874253
Hugo Boss,clothes,40.7243004,-73.9975423
Elkel,clothes,40.7190495,-73.9937235
Worth & Worth,clothes,40.7233769,-73.9926183
Michele Lopeiore,clothes,40.7115082,-74.0111434
& Other Stories,clothes,40.7115732,-74.0112604
John Varvatos,clothes,40.7115601,-74.0112178
Hugo Boss,clothes,40.7114857,-74.0111322
Sam Edelman,clothes,40.7112653,-74.0110773
Twenty Four New York,clothes,40.7112639,-74.0110899
COS,clothes,40.7115383,-74.0116437
Kate Spade New York,clothes,40.7113915,-74.0113961
The Canvas,clothes,40.7113035,-74.0112178
Solo Boutique,clothes,40.7177459,-73.9965001
New Fashion Apparel,clothes,40.7175495,-73.9968018
Local Color NYC,clothes,40.7325365,-73.9578861
Eileen Fisher,clothes,40.7682609,-73.9830781
Alo,clothes,40.7682064,-73.9827424
Angela's Vintage Boutique,clothes,40.724511,-73.9904124
Woolrich,clothes,40.7249567,-74.0005925
Pleats Please,clothes,40.7252452,-74.0000954
Print Fresh,clothes,40.7238728,-73.993565
American Vintage,clothes,40.7231704,-73.9940859
Wesh,clothes,40.7233377,-73.9940178
Temporary by Kenneth Cole,clothes,40.7255595,-73.9923521
Corridor,clothes,40.7233971,-73.9939937
Buck Mason,clothes,40.7231135,-73.9941091
Englander's Dry Goods,clothes,40.7038866,-73.9580857
Lee Avenue Clothing Center,clothes,40.7039532,-73.9581729
Oriani,clothes,40.7645303,-73.9142735
Shop Untitled,clothes,40.7329634,-73.9977651
Crossroads,clothes,40.7281428,-73.987774
Search & Destroy,clothes,40.7290912,-73.9885181
Mixology Clothing Company,clothes,40.7754431,-73.9566946
Tokyo Joe,clothes,40.7295821,-73.984761
Vintage Reserve,clothes,40.7296614,-73.9849655
Honeymoon Antiques,clothes,40.7280132,-73.990267
Kith,clothes,40.7229476,-73.9578569
Other People's Clothes,clothes,40.7051876,-73.9243942
Rag&Bone,clothes,40.72409,-73.9992448
AG Jeans SoHo,clothes,40.7247423,-73.9997727
Allouche Gallery,clothes,40.7227411,-74.0003875
7 For All Mankind,clothes,40.7243281,-74.0023406
Orvis,clothes,40.7530794,-73.9809398
J.Crew,clothes,40.7264208,-73.994026
Buck Mason,clothes,40.7178197,-73.9593925
Amarcord Vintage Fashion,clothes,40.7163655,-73.9591388
Bodhi,clothes,40.7164533,-73.9593627
Brooklyn Fox Lingerie,clothes,40.717252,-73.9585168
Beloved,clothes,40.7142797,-73.9615725
Farm Rio,clothes,40.7253405,-73.9995653
De Janeiro,clothes,40.748755,-73.9871118
Old Navy,clothes,40.7574273,-73.9854727
Astoria Boutique,clothes,40.7633053,-73.9216587
Loveday 31 Vintage,clothes,40.7633326,-73.9217215
Ju-Ma Fashion,clothes,40.7114056,-73.9476866
Fresh Off The Press,clothes,40.7109876,-73.9493887
Wen Wah Corp,clothes,40.7181298,-73.9968319
Avante Garde Fusion,clothes,40.7197754,-73.996298
IRO,clothes,40.722224,-74.0004901
Fendi,clothes,40.7534022,-74.0015943
Rhone,clothes,40.7533392,-74.0013314
Kenzo,clothes,40.7533088,-74.0012161
Louis Vuitton,clothes,40.7532824,-74.0015782
Browns Army-Navy,clothes,40.7617045,-73.9251013
Yurim Hat,clothes,40.7463261,-73.9900789
Alo Yoga,clothes,40.7157867,-73.9597323
Men’s Store,clothes,40.7193151,-73.9598771
De Janeiro,clothes,40.7097418,-74.0081151
Penguini,clothes,40.7097111,-74.0081454
Zara,clothes,40.7110715,-74.0086261
Anthropologie,clothes,40.7106799,-74.0095413
Fajas Meli’Belt,clothes,40.7008078,-73.9111028
Big Frog,clothes,40.7846187,-73.9790728
Jacadi,clothes,40.7835192,-73.9745775
Frank Stella,clothes,40.783444,-73.9746345
Loft,clothes,40.704797,-74.0131197
Richies,clothes,40.7186504,-73.9877542
Reformation,clothes,40.7209673,-73.9877516
Filson,clothes,40.7379138,-73.98994
De Janeiro,clothes,40.705635,-74.010016
Zero Waste Daniel,clothes,40.7042514,-73.9337256
De Janeiro,clothes,40.7139084,-74.0067657
Stoopher & Boots,clothes,40.782774,-73.9783433
Naturino,clothes,40.7164972,-74.0101621
Koh's Kids,clothes,40.7166251,-74.0106855
Fade To Black,clothes,40.7057276,-73.9104698
K. K. Fashions,clothes,40.7263527,-73.9521179
Lascava lingerie store,clothes,40.7224623,-73.9999036
Happy Socks,clothes,40.7501547,-73.9872958
Emilia George,clothes,40.7176456,-74.0104232
Cynthia Rowley,clothes,40.7178947,-74.0096468
Alton Lane,clothes,40.7185903,-74.0094901
Jenni Kayne,clothes,40.7188506,-74.0098111
Elyse Walker,clothes,40.7200095,-74.0079803
Clic,clothes,40.7171085,-74.0081886
Peter Millar,clothes,40.7606481,-73.9737505
Terez,clothes,40.7720623,-73.9611835
Portabella,clothes,40.7526166,-73.9896826
FashON7,clothes,40.752607,-73.9891973
Landline Vintage,clothes,40.7151604,-73.9901247
Accolade,clothes,40.7694425,-73.9545862
Bode,clothes,40.715804,-73.9908761
Wray,clothes,40.7159148,-73.9912484
Maiden Name,clothes,40.7153386,-73.9917772
Suzie Kondi,clothes,40.7151892,-73.9918546
Ana Fashion,clothes,40.7995704,-73.9628553
West Side Boutique,clothes,40.799664,-73.9627871
Unknown,clothes,40.8667922,-73.924292
mûre+grand,clothes,40.7066808,-74.0036925
All Saint,clothes,40.7245174,-74.0021847
Laina Jane,clothes,40.7837834,-73.9780929
David Owens Vintage Clothing,clothes,40.7190647,-73.9852997
Forever Vintage II,clothes,40.7022998,-73.9131423
Marine Layer,clothes,40.7182176,-73.9596288
Nike,clothes,40.7188437,-73.9606447
Unknown,clothes,40.7635091,-73.964872
De Janeiro,clothes,40.7599773,-73.9700082
Dior,clothes,40.7638749,-73.9724834
PrintFresh,clothes,40.7711425,-73.9615025
The Niche Shop,clothes,40.7833108,-73.9800404
Ouhlala Fashion,clothes,40.8034811,-73.9536097
Starhawk Design Studio,clothes,40.7291997,-73.9537035
Jimmy Jazz,clothes,40.7627678,-73.9157161
eskander,clothes,40.7324724,-73.9929179
Sunglasses Hut,clothes,40.7228843,-73.9991235
Zara,clothes,40.7225116,-73.9994791
Quaker Marine Supply,clothes,40.7302126,-73.9554649
Jay Kos,clothes,40.7243441,-74.0017294
The Elder Statesman,clothes,40.7242273,-74.0014852
Paul Smith,clothes,40.7238497,-74.0012194
Mackage,clothes,40.7240036,-74.0010895
Yigal Azrouël,clothes,40.7229684,-74.0047307
Celine Paris,clothes,40.7234306,-74.0018988
Gucci,clothes,40.723313,-74.0020083
The RealReal,clothes,40.7237053,-74.0013468
Yohji Yamamoto,clothes,40.722764,-74.0021769
Mûre+grand,clothes,40.7245057,-74.0015972
Moschino,clothes,40.723673,-74.0016867
Piombo,clothes,40.7244055,-74.001392
Simone Rocha,clothes,40.7235548,-74.0017975
Essential Antwerp,clothes,40.7235564,-74.001478
Fred Perry,clothes,40.7228957,-74.0023711
Grace Loves Lace,clothes,40.7226204,-74.0026024
Kelly Faetanini,clothes,40.7224873,-74.0027162
U.S. Polo Assn.,clothes,40.7580901,-73.9851597
Levi's,clothes,40.7583484,-73.9857286
The Shop,clothes,40.7623504,-73.916447
Snipes,clothes,40.7622464,-73.9165299
Alpha Industries,clothes,40.7243924,-73.9960677
Annie’s Vintage,clothes,40.7249356,-73.9469125
La Casa de las Fajas,clothes,40.8489082,-73.9324068
Marseille Fashion,clothes,40.8102576,-73.9469818
2nd Street,clothes,40.7708323,-73.9600337
East End Sport Center,clothes,40.7600143,-73.9631835
Marine Layer,clothes,40.7828773,-73.9750468
Consignment on 72nd,clothes,40.7780659,-73.9799073
Liana,clothes,40.7797264,-73.9773338
Vince,clothes,40.7231182,-74.0000963
Studio 79,clothes,40.7833912,-73.9794872
OSKA,clothes,40.7790721,-73.9773441
Faherty,clothes,40.723247,-73.9956495
Jil Sander,clothes,40.724182,-73.9999127
Top Gun,clothes,40.7595392,-73.9183485
HaNGER,clothes,40.7621054,-73.916649
T-Star,clothes,40.7659569,-73.9135507
Madewell,clothes,40.7669993,-73.9623626
The Re:Shop,clothes,40.7197501,-74.0017786
NC Outlet,clothes,40.7211619,-74.0002016
Bronx Native,clothes,40.8080915,-73.9294894
Broadway Silk Store,clothes,40.7603806,-73.9216749
Unknown,clothes,40.7886405,-74.0167287
Javelin,clothes,40.7160071,-73.9594372
Nocturne,clothes,40.7251499,-74.0001458
paloma-wool,clothes,40.7212325,-73.9989638
Electric Sunshine,clothes,40.7198245,-73.9960434
SLCT Vintage,clothes,40.7286968,-73.9801318
FTC,clothes,40.7299564,-73.9804886
Louis Vuitton,clothes,40.7504538,-73.9882328
Gucci,clothes,40.7504229,-73.988486
Mirth,clothes,40.7233297,-73.9503911
A Day's March,clothes,40.7216261,-73.9956939
Lids,clothes,40.7570922,-73.9864769
Pinkyotto,clothes,40.7231607,-73.99543
Marine Layer,clothes,40.7227466,-73.9944376
Everlane,clothes,40.7228768,-73.9947494
Isalis,clothes,40.7227871,-73.9945345
Madeline's Hosiery,clothes,40.7636245,-73.9154111
Dö Kham,clothes,40.7271939,-73.9858292
Flying Tiger Copenhagen,clothes,40.7296944,-73.9929659
Ascot Chang,clothes,40.7657815,-73.9769136
Tov Boutique,clothes,40.8475403,-73.9703894
Everlane,clothes,40.7184242,-73.960411
Vers,clothes,40.7063633,-73.9209643
Calzedonia,clothes,40.7539001,-73.9808182
Tombolo,clothes,40.7218186,-73.995246
Vuarnet,clothes,40.7218983,-73.9958725
Tommy Bahama,clothes,40.7554457,-73.9792265
Paris Saint-Germain,clothes,40.7549863,-73.9795325
HOKA,clothes,40.7567109,-73.9782978
Intimissimi,clothes,40.7574908,-73.9777279
Lids,clothes,40.7551056,-73.9794499
Silvano Tailoring,clothes,40.7542098,-73.9724924
Eightball Thrift Shop,clothes,40.702851,-73.9105556
House of Drip,clothes,40.8618434,-73.9251378
East Village Hats,clothes,40.727148,-73.9863982
Chi,clothes,40.7333558,-73.9936958
Hyperactive,clothes,40.7013297,-73.9420508
Morphew World,clothes,40.718542,-73.9898995
The Cast,clothes,40.7175605,-73.9904035
Laams,clothes,40.7176264,-73.9903696
A. W. Kaufman Designer Lingerie,clothes,40.717557,-73.9906342
Kallmeyer,clothes,40.7178508,-73.9904843
